,2
11,2
10,8
oecd,101
best,37
practice,21
principles,49
for,703
regulatory,98
policy,49
one‑stop,7
shops,177
citizens,75
and,1483
business,104
this,178
"document,",2
as,369
well,54
any,31
data,66
map,6
included,9
"herein,",1
are,268
without,16
prejudice,1
to,1249
the,2619
status,1
of,1489
or,117
sovereignty,1
over,38
"territory,",2
delimitation,1
international,7
frontiers,1
boundaries,4
name,3
city,3
area.,2
please,1
cite,1
publication,5
as:,4
"(2020),",1
one-stop,334
"business,",19
"policy,",2
"publishing,",12
"paris,",9
https://doi.org/10.1787/b0b0924e-en.,2
isbn,3
978-92-64-35709-9,1
(print),2
978-92-64-49759-7,1
(pdf),1
issn,2
2311-6005,1
2311-6013,1
(online),1
photo,1
credits:,1
cover,10
@,1
julia,1
sudnitskaya/shutterstock.com.,1
corrigenda,1
publications,1
may,53
be,245
found,17
on,303
line,4
at:,1
www.oecd.org/about/publishing/corrigenda.htm.,1
©,3
2020,3
use,33
"work,",2
whether,30
digital,101
"print,",1
is,427
governed,1
by,210
terms,14
conditions,1
at,110
http://www.oecd.org/termsandconditions.,1
foreword,1
report,23
part,73
a,736
series,11
“best,3
principles”,3
produced,4
under,25
auspices,3
committee.,7
committee,14
forefront,1
building,7
consensus,4
matters,14
policy.,7
"recently,",2
has,133
identified,19
importance,6
providing,40
assistance,22
member,18
non-member,1
countries,14
seeking,5
improve,24
their,128
“regulatory,5
delivery”.,1
delivery,55
commences,1
after,12
law,8
"passed,",1
ought,8
viewed,8
continuum,1
rather,10
than,30
"single,",3
static,1
action.,2
complement,1
2012,7
recommendation,10
"governance,",5
provided,46
guidance,31
in,644
areas,28
inspections,3
"enforcement,",2
both,64
overarching,9
via,39
practical,8
toolkit.,1
related,22
"research,",2
intended,3
assist,18
policymakers,4
"designing,",2
"implementing,",2
reviewing,6
shops.,31
allow,27
while,27
also,112
reducing,12
government,260
resource,8
requirements.,11
set,22
out,31
provide,73
framework,16
supporting,4
"shops,",18
irrespective,3
stage,7
development.,1
document,8
was,257
approved,5
its,74
21st,1
session,1
6,2
november,2
2019,3
prepared,2
secretariat.,1
acknowledgements,1
public,126
governance,41
directorate,1
(gov),1
leadership,14
marcos,1
"bonturi,",1
"director,",1
nick,3
"malyshev,",2
head,1
division,2
gov.,1
it,239
managed,11
drafted,1
paul,1
davidson,1
measuring,4
performance,25
programme,26
headed,1
christiane,2
"arndt-bascle,",2
within,30
division.,1
manuel,1
gerardo,1
flores,1
romero,1
adriana,1
garcia,1
were,80
responsible,58
completing,5
mexican,4
tu,4
empresa,4
case,89
study.,4
benjamin,2
gerloff,1
liaison,1
drafting,3
german,27
informationsportal,5
für,4
arbeitgeber,4
giovanni,1
borraccia,1
assisted,2
eportugal,14
background,14
research,17
boris,1
jaros.,1
jennifer,1
stein.,1
secretariat,9
extends,4
thanks,5
joão,1
vasconcelos,1
welby,2
open,9
section,7
reform,9
sector,12
"division,",1
directorate.,1
particular,25
input,11
into,42
survey,42
questionnaire,1
very,12
useful,8
feedback,28
draft,1
report.,6
further,29
benefited,6
from,163
comments,1
daniel,1
"trnka,",1
members,4
preparation,1
annex,2
cross-border,6
services,174
european,16
union,6
vesa,1
"vanhanen,",1
dg,1
internal,14
"market,",3
"industry,",2
entrepreneurship,1
smes,6
–,65
digitalisation,5
single,58
belgium.,1
pays,1
all,67
officials,7
involved,32
studies.,3
greatly,2
comprehensive,10
responses,39
an,161
initial,11
"survey,",3
which,111
supplemented,2
frank,2
discussions,2
that,418
have,148
helped,11
highlight,8
challenges,13
various,47
solutions,24
issues,37
"establishing,",2
these,64
wai,1
fai,1
"lee,",1
candace,1
marzano,1
pierre,1
pharand,1
"innovation,",6
science,7
economic,20
development,67
canada;,2
wendy,1
birkinshaw,1
"malo,",1
cheryl,1
"meek,",1
kate,1
"lalumiere,",1
james,1
mckenzie,1
employment,26
social,79
harald,1
"flex,",1
itsg,1
"gmbh,",1
germany;,2
monika,1
"wittstock,",1
federal,50
ministry,13
labour,6
"affairs,",1
ola,1
grønning,1
live,5
heltberg,1
local,71
"modernisation,",1
norway;,1
cláudia,2
gonçalves,1
"barroso,",1
ana,1
"pereira,",1
andré,1
"lapa,",1
jorge,1
sousa,1
liliana,1
onofre,1
administrative,54
modernization,7
"agency,",4
portugal;,1
farah,1
"hussain,",1
kalisperas,1
jessica,1
mcevoy,1
"service,",12
united,11
kingdom;,1
niall,1
boyle,1
heather,1
woodward,1
office,27
product,15
safety,24
"standards,",8
department,27
energy,3
&,9
industrial,4
"strategy,",7
kingdom.,6
canada,96
norway,8
funding,20
undertake,4
project.,3
table,1
contents,2
abbreviations,2
acronyms,2
7,3
executive,6
summary,5
8,1
context,13
introduction,10
12,3
references,4
15,3
16,4
specific,38
18,3
political,35
commitment,18
20,4
22,2
legal,35
26,2
co-operation,17
co-ordination,14
29,2
role,21
clarity,9
33,2
37,2
consultation,21
39,1
communication,46
technological,17
considerations,11
41,2
human,14
capital,12
49,2
monitoring,22
evaluation,45
52,2
58,1
studies,38
63,1
bizpal,112
(canada),11
64,1
service,260
67,1
(germany),6
72,1
(mexico),2
76,1
altinn,110
(norway),10
78,1
83,1
gov.uk,70
87,1
primary,111
authority,101
(uk),10
90,1
annexe,2
a.,5
94,3
directive,9
points,14
contact,20
gateway,7
95,1
reference,5
96,1
boxes,2
box,77
1.1.,2
types,7
virtual,7
transactional,16
websites,15
14,2
2.1.,2
establishment,29
broader,18
efforts,7
17,3
2.2.,2
citizen,31
2.3.,2
securing,4
upfront,4
ongoing,11
commitment:,2
2.4.,2
implementing,8
shop,86
through,82
step-by-step,4
approach:,2
“information,7
portal,99
employers”,6
21,1
2.5.,2
flexible,7
management,51
attitudes,6
critical,18
success,20
2.6.,2
rollout,3
targets,3
need,48
appropriately,5
23,2
2.7.,2
financing,7
arrangements,9
selected,19
2.8.,2
introducing,5
cost,15
recovery,4
shops:,11
experience,24
25,5
2.9.,2
identifying,6
barriers,13
early,18
design/development,5
process:,2
2.10.,2
frameworks,4
with,283
partner,15
agencies:,2
27,2
2.11.,2
removal,3
legislative,8
2.12.,2
opportunities,21
sharing,13
experiences,15
creating,11
“community,2
shops”,2
28,2
2.13.,2
decision-making,6
models,11
2.14.,2
co-ordination:,2
30,1
2.15.,2
technical,27
avoid,5
burdensome,4
procedures,35
31,1
2.16.,2
clearly,7
enunciated,3
objectives,21
2.17.,2
ensuring,9
user-oriented,4
design,65
34,1
2.18.,2
understanding,15
user,56
needs,36
inform,5
35,1
2.19.,2
study,12
examples,18
combined,5
36,1
2.20.,2
illustrative,7
example,20
model,29
2.21.,2
piloting,3
expansions,2
40,1
2.22.,2
undertaken,14
2.23.,2
better,27
users’,23
preferences,3
42,1
2.24.,2
identification,12
authentication,15
mechanisms,12
43,1
2.25.,2
information,210
collection,6
changes:,2
45,1
2.26.,2
transformation”,3
result,15
46,2
2.27.,2
technology,22
experiences:,2
2.28.,2
some,53
indicative,2
online,45
47,1
2.29.,2
reusing,2
48,1
2.30.,2
change,17
portugal,6
2.31.,2
formal,12
training,21
staff,27
50,1
2.32.,2
statutory,13
review,22
clause,3
employers,26
2.33.,2
canadian,19
53,1
2.34.,2
metrics,8
used,28
54,1
2.35.,2
continuous,21
improvement,20
55,1
2.36.,2
impact,23
assessment,28
processes,19
uk,34
57,2
ama,8
agency,23
(portugal),3
api,1
application,23
programming,7
interface,9
permit,7
licence,5
brc,3
brønnøysund,4
register,15
centre,10
dmk,5
mobile,13
key,43
elmer,10
easier,4
more,105
efficient,6
reporting,26
project,27
esdc,9
gds,8
(united,7
kingdom),3
iap,3
interoperability,14
platform,29
administration,27
ict,2
ised,3
innovation,12
lbro,3
regulation,8
madi,2
myalberta,2
id,4
nbo,8
national,43
oss,38
scm,2
standard,13
sme,1
small,19
medium-sized,8
enterprise,17
phrase,1
“one-stop,3
shop”,1
immediate,1
attraction.,1
sounds,1
like,8
way,21
sweep,1
away,2
unnecessary,5
paperwork,1
create,11
streamlined,4
easy-to-use,1
between,52
business.,11
"indeed,",2
can,133
effective,7
communicate,5
requirements,27
clearly.,1
"however,",20
achieving,3
goal,9
requires,7
"investment,",2
mind-set,1
about,47
regulations,9
affect,8
everyday,3
life.,1
delivering,7
facet,1
environment.,6
passage,1
just,5
beginning,2
process.,11
laws,6
do,22
not,85
serve,7
community,8
when,34
they,118
poorly,2
delivered.,2
being,28
required,27
same,13
different,47
agencies,62
burden,4
distracts,1
engaging,6
other,90
activities.,2
poor,2
potential,42
businesses,71
"created,",4
put,6
strains,1
those,29
exist.,1
"particular,",5
enterprises,8
acutely,1
feel,7
brunt,1
often,14
operate,11
thin,1
profit,2
margins,1
resulting,5
increased,7
costs,44
force,3
cease,1
operating.,1
one,69
frequent,4
lament,1
difficulty,4
accessing,3
relevant,27
procedures.,7
helps,20
demonstrate,1
"and,",8
"importantly,",2
should,58
experts,7
operations,7
complete,17
necessary,21
tasks,3
such,52
passport,2
applications,8
tax,22
returns.,1
important,58
conclusion,4
separate,8
work,25
together,7
ensure,39
established,30
serves,4
"users,",8
necessarily,8
governments,36
internally,1
operate.,1
done,11
"well,",4
“win-win”,1
outcomes,2
clients,40
improving,11
compliance,16
regulations.,6
easily,7
locate,2
"forms,",3
supply,2
once,5
multiple,14
"purposes,",1
easily.,1
receive,8
quality,18
first,22
"instance,",26
improved,11
rates,3
reduces,1
amount,7
resources,19
needed,8
enforcement.,1
there,60
no,19
universal,2
circumstances.,4
invested,1
"services,",37
still,6
traditional,4
ways,7
most,38
provides,38
real-world,1
insights,5
difficulties,14
designing,4
operating,21
across,39
range,30
countries.,6
"same,",1
been,97
devised,1
around,18
well-established,1
tenets,1
sound,3
governance.,3
thus,8
reflect,4
good,7
actual,14
form,17
simplification,20
strategies.,1
component,2
help,24
maximise,4
gains,3
reduction,7
programmes.,9
user-centred,4
based,46
life,15
events.,3
"way,",5
bring,5
closer,3
least,3
possible.,6
areas:,4
continual,6
support,30
top,1
order,28
flourish.,1
managers,7
openly,2
committed,4
culture,13
experimentation.,4
mistakes,2
will,34
"made,",1
but,33
basis,16
future.,2
establishing,17
potentially,10
expanding,3
crucial,3
delays.,1
extent,11
(and,7
permitted,1
to),1
clear,16
objective,11
central,43
managing,6
external,3
expectations.,3
"important,",3
particularly,9
levels,36
"government,",14
drive,5
operational,15
perspective.,1
source,8
what,41
offer,17
problems.,2
industry,7
means,20
emulated,1
wherever,2
heart,3
well-functioning,2
people.,2
"organisation,",2
require,7
investment.,1
valuable,2
day-to-day,2
operations.,3
assess,13
continue,6
meet,11
clients’,2
"needs,",7
time.,11
gathering,3
views,3
establish,15
working,14
"improved,",1
foster,5
staff.,9
1,15
latest,2
reports,7
"reports,",2
elaboration,1
council,17
relevance,2
applicability,1
"such,",2
general,22
prescriptive,2
list,3
follow.,2
them,23
intentionally,1
ambitious,2
unlikely,1
few,3
if,21
would,23
consistently,2
all.,2
supported,10
"countries,",3
so,38
unrealistic,1
unattainable.,1
interactions,4
becoming,5
increasingly,1
complex.,1
simply,3
reflective,1
realities,1
"businesses,",19
become,10
"interconnected,",1
domestically,1
internationally.,1
unnecessarily,2
hamper,2
growth,10
where,65
delinked,1
cumbersome.,1
attempt,3
address,6
"issue,",1
introduced,1
transaction,15
costs.,6
prosperity,1
closely,3
linked,6
pro-business,1
making,11
existing,20
firms,1
facilitating,5
entry,6
new,45
ones,4
marketplace,1
promotes,2
competitiveness,2
growth.,2
governing,4
businesses’,7
operation,24
implementation,22
sometimes,1
turn,4
difficult,7
costly,1
"process,",1
thereby,4
discouraging,1
entrepreneurial,1
activity.,2
interaction,5
times,6
heightened,1
stress,1
throughout,6
lives.,1
"example,",26
generally,8
interact,8
authorities,34
move,6
geographical,5
"area,",2
buy,1
"house,",2
family,1
loss.,1
therefore,11
interfaces,5
stress-free,1
"(oecd,",21
2012[1]),1
states,11
“review,1
satisfy,2
reduce,26
costs”,1
“[e]mploy,1
"licences,",1
"permits,",2
procedural,1
make,16
user-focused”.,1
grateful,2
"canada,",22
conduct,5
several,21
"design,",12
"implementation,",4
extend,1
doing,1
"so,",1
helping,6
enrich,1
principles.,3
following,19
studies:,1
canada.,8
created,31
"2005,",4
point,30
access,54
many,14
government’s,14
largest,7
well-known,6
programmes,23
insurance,39
pension,12
plan.,2
launched,13
2005,7
pilot,8
lead,8
group,11
participating,8
governments.,7
enables,5
identify,18
permits,9
licences,8
how,48
obtain,5
start,8
grow,4
germany.,1
2017,2
strategy,21
bureaucracy.,1
"employers,",6
including,23
"smes,",5
hiring,3
employees,18
"time,",13
security,35
rights,5
obligations.,2
mexico.,3
2009,3
aimed,6
constitution,3
businesses.,21
"opening,",4
"operating,",4
closing,4
"2015,",3
website,28
formed,5
gob.mx,1
"platform,",6
since,21
march,2
2016,6
expanded,8
include,16
authorisation,11
corporate,7
names,2
company,8
deeds,1
certain,3
companies.,1
norway.,3
norwegian,18
directive.,4
e-government,6
portals,5
providers,5
get,10
online.,10
"lifecycle,",1
winding,1
up.,1
fully-fledged,1
regarding,11
"requirements,",7
"funding,",2
"entities,",8
portugal.,2
eportugal.gov.pt,9
starting,7
000,15
essential,10
"information,",17
detailed,10
professionals,2
groups,7
"employees,",2
migrants,2
others,8
organised,3
events,10
"approach,",2
offered,13
590,2
(17,2
"ministries),",2
private,17
entities.,8
place,9
152,4
services.,56
broad,8
scope,16
relating,15
legally,12
assured,7
advice,36
tailored,7
give,4
comply,5
law.,3
"regulators,",4
discussion,1
representatives,5
trade,8
associations,5
franchises.,3
three,14
"altinn,",4
"eportugal,",3
each,26
country’s,1
designated,1
purposes,6
designed,22
eu,8
"that,",4
rules,3
formalities,6
"apply,",1
completion,6
receiving,4
completed,3
"surveys,",5
commenced,3
interviews,3
understand,12
nuances,1
examined.,1
recall,2
raison,1
d’être,1
literature,2
indicates,3
four,8
interrelated,1
reasons,2
enhanced,4
holistic,2
"user-friendly,",1
user-orientated,1
integrated,15
multi-policy,1
possible,14
mechanism,9
joined-up,4
(askim,8
et,10
"al.,",8
2011[2]),1
addition,12
"above,",3
burdens.,2
rationales,2
why,4
might,7
introduce,1
adapt,4
provision,14
"perspective,",1
main,21
rationale,4
overall,17
"welfare,",4
reduced,6
tend,12
disproportionately,3
greater,7
negatively,3
competition,4
societal,4
welfare.,2
"separately,",2
associated,15
"unstructured,",1
navigate,2
citizens.,4
justification,1
appropriate.,1
note,1
extremely,3
diverse.,1
seemingly,2
quite,3
discrete,1
locations,4
instance;,1
time,26
whole,7
suite,1
additional,19
differences,4
"scope,",2
"purpose,",8
tools,11
vastly,2
pose,1
number,56
unique,6
"governments,",5
"clients,",4
"is,",5
users,97
below,1
recognise,1
vast,2
offering,11
anything,2
prescriptive.,1
recalled,2
relative,4
stages,5
"establishment,",1
"operation,",3
improvement.,2
brings,2
physical,20
and/or,13
location.,2
deliver,8
roof.,1
implement,11
network,13
offices,11
carry,4
transactions,17
administration.,6
hungary,2
available,31
listed,3
decree,2
(government,21
"hungary,",1
2019[3]).,1
"facilities,",1
utilising,4
implemented,7
informational,12
"administration,",8
usually,9
one-,6
stop,9
two,15
basic,5
exist:,1
individual,23
entities,20
present,2
own,23
normally,1
entity,8
counter,2
servants,2
event,2
(e.g.,10
“having,1
"child”,",1
“starting,1
"business”,",1
"etc.),",1
official,6
resolve,2
manner.,2
either,9
(or,2
"both),",1
needs.,10
“umbrella”,1
although,7
specialised,7
exist,11
concert,1
individually,1
focussed,10
oversight,1
ensures,5
transitions,2
seamlessly,1
(that,2
similar,10
look,9
"feel),",1
depending,4
required.,2
offered.,2
limited,2
governments’,2
regional,3
configuration,1
does,26
homogeneous,1
"country,",2
adapted,5
"demand,",1
availability,7
collaboration,14
level.,7
centre:,1
gateways,1
disseminate,2
deal,7
windows,1
apply,9
"agencies,",8
window,2
acts,4
third-party,1
require.,1
could,35
"physical,",1
creation,27
"virtual,",2
unified,4
combination,3
two.,2
nature.,1
handle,2
domain,8
"businesses),",1
whereas,2
start-up).,1
co-exist.,1
diverse,5
structure,15
"framework,",3
infrastructure,9
characteristics,2
country.,3
internet,7
shop:,1
carried,9
"out,",1
administration’s,1
"additionally,",7
getting,1
answers,4
"questions,",3
download,1
paper-based,1
follow,6
links,4
"model,",4
pooled,1
distribution,2
system.,12
"online,",8
dealing,4
seamless,6
level,27
sophistication,1
systems,12
"involved,",1
(box,36
1.1).,1
transaction-based,1
underpinning,1
features:,1
interconnectivity,1
receives,1
then,14
redirects,1
passing,1
received,6
common,21
(general,1
information),1
only,30
once.,1
"cases,",3
predefined,1
"principles,",3
having,5
"feel,",1
realise,5
visiting,4
websites.,6
integrates,2
web,23
"application,",2
communicates,1
perform,9
transactions.,2
"typically,",1
"processes,",5
infrastructure.,3
models.,2
sophisticated,5
approach,31
taken,6
use.,2
creates,1
e,1
"applications,",2
publishes,2
"specifications,",1
defined,3
model.,6
share,12
"data,",3
databases,1
decentralised,1
aspects,4
existence,1
however,10
go,6
beyond,2
decentralising,1
responsibility,13
delivery.,14
publishing,4
content,47
"website,",8
"authors),",1
whilst,11
allowing,3
customised,7
comprising,2
organisation-specific,1
adopt,3
language,8
brand,1
page,7
"interactions,",1
coupled,4
reusable,1
parts,4
journeys,2
"identity,",1
"payments,",1
"messaging,",1
"hosting,",3
appointment,1
"booking,",1
publishing).,1
"finally,",1
(apis),3
retrieving,1
validating,1
inputs,1
platform.,11
organisations.,14
reviews,9
government.,15
other.,4
reflects,1
fact,8
"inception,",2
"result,",8
referred,4
themselves,6
linked.,1
"askim,",2
j.,3
al.,2
"(2011),",4
adaptation,3
organizational,2
"countries”,",2
vol.,3
"89/4,",2
pp.,3
"1451-1468,",2
https://onlinelibrary.wiley.com/doi/pdf/10.1111/j.1467-9299.2011.01933.x.,2
[2],2
"(2019),",9
"county,",1
district,1
86/2019,1
(iv,1
"23),",1
https://net.jogtar.hu/jogszabaly?docid=a1900086.kor.,1
[3],2
"(2012),",6
https://www.oecd.org/governance/regulatory-policy/49990817.pdf.,2
[1],3
2,2
during,11
"studies,",3
previously,3
informed,4
material,2
"academia,",1
"sources,",1
country,3
delegates,1
informing,1
emanating,2
2014,6
strategies,7
"delivery,",5
"digital,",2
purpose,7
citizens’,6
2014[1]).,1
nature,5
application.,2
salient,1
features,12
captured.,1
"furthermore,",1
conscious,2
"to,",1
"possible,",2
elucidate,1
sources.,4
seen,3
had,47
participants.,1
experienced,6
gave,6
opportunity,8
learnings,9
years.,5
hoped,1
future,8
find,10
additions,1
should:,1
historically,1
centred,1
quantification,1
burdens,15
(scm).,1
extended,6
faced,2
"(hurk,",1
2008[2]).,1
measure,1
value,5
strengths,2
weaknesses,2
relatively,11
2003[3]),2
2010[4]).,2
attractive,4
politicians,1
appear,5
touch,1
"communities,",1
"through,",1
“red,1
tape,3
reducing”,1
“business,4
friendly”,1
approach.,8
announced,3
bear,1
mind,1
limits.,1
"cannot,",1
“fix”,1
"redundant,",1
"unnecessary,",1
understood,3
enforced,1
laws.,1
discussed,4
"previously,",1
represent,7
landscape.,1
"costs,",3
merely,1
broadly.,1
refer,1
asking,1
filling,2
notification,10
2006[5]).,1
"course,",1
itself,5
tool,5
employed,1
"management,",7
boost,1
2002[6]).,1
"light,",1
"environments,",1
solution,26
network.,1
illustrate,4
environment,4
2.1).,1
(informationsportal,2
arbeitgeber),1
longer-term,2
effort,6
digitalise,1
simplify,5
december,5
"2014,",2
officially,2
adopted,13
wider,3
“key,2
paper,8
"enterprises”,",2
cabinet,12
wide,8
measures,5
bureaucracy,2
red-tape.,2
"portal,",11
"included,",1
(“single,2
2.0”).,2
amendment,4
volume,4
iv,2
code,6
(sechstes,2
gesetz,2
zur,2
änderung,2
des,4
vierten,2
buches,2
sozialgesetzbuch,4
und,4
anderer,2
gesetze).,2
occurred,2
"simplification,",4
along,5
contemporaneous,3
initiated,5
known,4
hampton,2
among,16
"things,",6
highlighted,27
problems,14
inconsistency,2
authorities’,2
standards.,3
acceptance,4
report’s,2
"recommendations,",2
emerged,6
uk.,5
source:,35
employers’,8
"2019,",19
survey.,1
given,20
almost,3
goes,2
saying,2
user-centred.,2
reason,4
"place,",1
evaluations,3
must,9
collecting,3
search,8
(usually,1
prospective),1
"reduced,",1
much,12
breaking,2
down,4
silos,1
presenting,3
formats,2
benefit,12
users.,11
classified,1
“life,1
events”,1
lifecycles.,1
aim,3
end-to-end,5
channels,19
ability,5
commence,2
process,23
"phone,",3
"internet,",1
finalise,1
person).,1
collect,3
logical,1
(certainly,1
initially),1
impose,1
higher,3
them.,10
"critically,",1
inner,1
workings,1
able,12
are:,2
"creation,",1
"expansion,",1
closure,1
businesses;,2
permitting,1
licencing,5
geographic,1
area;,1
"birth,",1
"death,",2
marriage;,1
purchasing,1
real,4
property.,1
read,1
subject,8
summarised,1
2.2,1
sections.,1
strong,18
long-term,5
"development,",8
goals,5
realistic,4
plans,5
practices,5
followed,6
appropriate,19
staffing,4
adjustments,2
net,2
society,3
planning,5
focus,24
relationships,6
permanent,3
stakeholders,10
expectations,14
achieve,6
relying,3
"groups,",4
pilots,2
participate,5
high-level,2
obtained,2
develop,12
operative,2
decisions,7
organism,2
leading,9
ascertain,4
perspective,8
plan,10
execute,2
phase,8
test,7
before,5
"live,",5
phased,3
lessons,3
consideration,12
phases,4
utilise,4
methods,13
taking,7
account,10
accessibility,11
"channels,",2
customise,2
allocate,4
sufficient,6
tailor-made,3
"competences,",2
interpersonal,3
skills,6
quantitative,2
qualitative,2
indicators,6
significant,12
changes,20
prior,12
commencement.,1
principle:,5
ingredient,1
"context,",6
“political,1
unanimously,1
factors,12
explicit,2
quality”,1
2012[7]).,4
"similarly,",1
previous,6
noted,9
channel,4
high,5
progress,6
"updates,",1
overcome,5
arise,2
2013[8]).,2
politically,1
collective,1
dispersion.,1
"buy-in,",2
conduit.,1
ministerial,2
reassignments,1
"challenge,",1
built,9
up,15
politicians.,1
delay,1
on),1
ministers,4
familiarise,2
portfolio.,1
survival,1
"nations,",4
2005[9]).,4
indicate,4
maintain,3
staged,1
2.3).,1
“digital,3
strategy”.,2
replaced,4
brands,2
“directgov”,2
link”,2
"2012,",6
enabling,7
"departments’,",2
agencies’,6
arm’s,2
length,2
bodies’,2
using,21
address.,2
"alpha,",1
"beta,",1
"(gds),",3
summer,1
"2010,",2
"directgov,",2
reviewed.,2
letter,4
findings,3
sent,4
minister,4
office.,4
highlighting,1
"improvement,",4
secure,6
buy-in,5
gds.,2
alpha,2
12-week,1
launch,4
version,5
build,5
recommendations,3
review.,2
position,2
director,3
"office,",4
co-ordinating,4
gov.uk.,6
beta,1
bespoke,2
team,12
strategic,14
"thinking,",2
explained,3
ministers.,1
demonstrating,1
"pilot,",1
gbp,4
m,1
secured,1
identity,12
assurance,2
(which,1
later,4
verify).,1
october,4
went,4
replacing,1
directgov,2
portal.,14
remained,2
"throughout,",1
recently,2
"staff,",2
releasing,1
june,2
"(fox,",2
"2010[10]),",2
"(gov.uk,",15
"2010[11]),",2
"2011[12]),",2
"2012[13]),",1
"2013[14]),",1
"2018[15]),",1
2019[16]).,1
timing,2
important.,2
supports,1
instances,4
existed,4
made,14
due,5
regard,2
issues.,6
meant,6
rushed,1
arose,2
passed,1
onto,2
resolved,2
issue,8
2.4).,1
iterative,5
consecutive,1
involving,4
actors,2
stakeholders.,1
2011,6
commissioned,3
affairs,4
examine,2
institutions,4
simplified,2
optimised.,1
led,9
"solution,",8
baseline,5
scenario,1
created.,3
overview,4
"procedures,",2
obligations,2
involved.,3
statistical,2
incurred,1
investigated,1
determined.,1
"scenario,",1
assessed,3
feasibility,6
second,2
"project,",1
prototype,4
shop.,11
specifically,17
partially,2
irish,1
health,11
(http://besmart.ie/).,1
decided,2
"shop,",9
specified,4
organisational,12
description,3
functionalities.,1
served,2
blueprint,1
subsequent,2
(informationstechnische,3
servicestelle,6
der,10
gesetzlichen,6
krankenversicherung,6
gmbh,6
"(itsg),",3
"n.d.[17]),",1
"2014[18]),",1
2019.,26
covered,4
(see,6
section).,3
"broadly,",4
tends,2
lower,4
meeting,2
detail,1
established.,5
"negative,",1
changing,2
degree,5
autonomy,3
methods.,1
"said,",6
direction,2
attitude,1
embracing,2
2.5).,1
provinces,4
territory.,2
readily,2
(nbo),2
centralised,7
"structure,",4
expertise,7
"content,",6
website.,17
provincial,9
territorial,8
interviewees,2
considered,16
“done,1
job,9
"partnership,",4
activities,15
issues.”,1
despite,2
recognition,5
partners,6
grown,1
developed,28
biggest,1
bizpal.,3
challenge,7
because,7
approximately,4
database,5
updating,5
"provincial,",7
"territorial,",4
municipal,15
"accessible,",1
"locatable,",1
"accurate,",1
concise,1
information.,6
agile,4
began,4
called,3
"“revolution,",1
evolution”,1
written,3
"decisions,",4
testing,8
"ideas,",1
"seeking,",1
"receiving,",1
incorporating,2
proposals,3
embraced,1
ideas,3
did,3
deterred,1
instead,5
learnt,3
iterated,2
until,1
"2011[19]),",7
2015[20]).,2
2007,2
expected,14
majority,2
municipalities,10
(around,1
825,1
municipalities).,1
current,6
take-up,6
rate,3
represented,2
less,13
20%,1
municipalities.,2
even,5
100,3
currently,34
perhaps,3
indicator,1
"coverage,",2
half,1
population.,5
"mid-2019,",1
80%,3
"2009[21]),",1
2019[22]).it,1
"planning,",1
"phase,",2
assigning,1
adequate,1
task.,1
consider,5
paths,1
"bottlenecks,",1
special,5
attention,5
arisen,2
overly,1
2.6).,1
recognised,6
change.,1
especially,13
observation,4
organic,2
anticipated,1
designed.,1
positive,4
demands,4
challenges.,1
ultimately,2
different.,1
"good,",1
funded,3
fiscal,1
means.,2
multi-agency,5
variety,3
allocated,5
annual,20
budget,10
2.7).,1
recovering,1
2.8).,1
fulfils,3
governmental,10
run,8
owners,16
forms,20
companies,10
altinn.no.,2
expenditures,2
maintenance,8
amounts,2
multiyear,3
basis.,3
applied,6
"basis,",4
respective,11
ministry.,2
"approved,",2
funds,6
succeeding,2
year.,3
according,11
end,8
"owners,",2
fund,4
concrete,4
projects,5
long,4
functionally,2
accordance,3
strategy.,3
altinn.,16
pay,7
generate,2
"federal,",11
financially,1
contribute,2
population,12
shares,1
jurisdiction.,2
substantially,2
obviously,1
welcome,1
news,1
"participants,",1
"arrangements,",1
surplus,2
redistributed,1
areas.,9
bizpal’s,5
"strengths,",1
weakness,1
agreement,3
parties,4
distribute,2
funds.,4
enabled,3
"provinces/territories,",2
aspect,6
bit,1
foresight,1
saved,1
sooner.,1
enshrined,4
legislation,12
joint,9
task,4
institutions.,2
finance,2
investment,6
jointly,5
met,4
chapter,1
permanently,1
financial,4
contributions,8
steering,6
comprised,2
organisations,20
decides,2
annually,2
portfolio,2
constraints,2
acute,1
yet,2
developing,7
proportion,2
"regulations,",1
left,3
charge,6
finding,5
gap,1
care,6
localised,1
taxation.,1
"besides,",1
revenue,2
deficit.,2
capacity,6
"localised,",1
face.,1
gain,3
co-operating,3
"solutions,",3
solutions.,6
largely,4
relies,2
uniform,2
"country-wide,",2
synergies,2
room,2
manoeuvre,2
(municipalities),3
taxes).,2
anyone,2
trading,9
environmental,7
"health,",4
fire,9
"licensing,",5
petrol,4
storage,5
"certification,",4
explosives,4
licensing.,3
"authorities,",4
cost-recovery,6
protect,5
front-line,3
reasonable,3
cost.,2
authorities.,7
wales,2
commonplace,3
directly,10
standards,11
(the,3
authority),1
conducted,12
extensive,4
outreach,3
"regimes,",2
affected,6
benefits,19
scheme,17
"were,",1
"envelope,",1
"distribution,",1
allocating,1
investments,1
expenses.,1
expenses,3
differ,2
primarily,3
relate,8
type,11
purchase,1
lease,1
buildings,1
frontline,2
mix,2
design.,3
"changes,",2
sections,1
below).,2
principles:,2
co-ordination;,1
integral,2
constraining,1
"issues,",2
constitutional,1
e.g.,3
powers,1
shared,19
purposes).,1
cases,3
changed,5
"not,",3
2.9).,1
"employers”,",1
conducted.,2
suggestions,3
fixed,3
criteria.,1
besides,1
took,3
implications,3
protection.,1
"reasons,",2
questions,4
cannot,9
dealt,1
conclusively,2
processed,2
disclaimer,2
added,3
makes,5
aware,2
replace,3
proper,3
cases.,2
"2013[23]),",1
constraint,1
historical,1
traditions,1
path,2
dependencies,1
machinery,1
2011[24]).,5
“way,1
things,6
done”,1
inevitably,2
cross,1
boundaries.,1
raises,3
solving,1
decision,7
"bodies,",1
"allocation,",1
like.,1
factor.,2
state,6
roles,10
responsibilities,6
2.10).,1
canada’s,10
"plan,",3
old,7
age,11
"security,",3
insurance.,2
partnerships,12
departments,18
agreements,4
"responsibilities,",2
privacy,10
"considerations,",3
"cost-recovery,",1
more.,2
maintains,4
programme/overall,1
takes,3
canadians,9
"(e.g.,",4
delivers,6
behalf,8
"immigration,",1
refugees,1
citizenship,1
canada).,1
binding,3
"institutions,",4
act,13
cause,1
policies,4
hinder,1
reaching,3
potential.,1
outward,2
“only,2
once”,2
principle,6
communicating,1
fit,3
necessitate,1
decision-making.,2
raised,2
electronic,17
"submission,",1
"exchange,",1
signature,2
"systems,",2
"sharing,",4
delegation,1
removing,1
2.11).,1
published,8
"which,",1
sought,4
“remove,1
prevent,1
straightforward,2
convenient,3
services”.,1
actions,3
remaining,3
barriers.,1
publicly,3
reported,2
conducting,3
stock,2
effect,1
"departments,",4
climate,1
stated,3
“when,1
"legislation,",2
"outset,",1
minimise,1
incidents,1
obstructive,1
future”.,1
released,2
hindering,1
"digitally,",1
savings,2
1.7,1
1.8,1
billion,1
per,8
(uk,3
"2012[25]),",1
"2013[26]),",1
2013[27]).,1
safeguards,1
store,1
"appropriately,",1
takes.,1
"consequently,",1
across:,1
"collection,",1
"storage,",1
processing,2
release,1
publication.,1
"consent,",3
"namely,",1
to:,2
hold,3
right,5
enquiry,1
(personal),1
consent,3
refuse,2
permission,2
institution,3
reused,3
2019[28]).,2
kingdom,3
exercise,3
know,5
handled,1
freedom,2
"portugal,",2
query,1
organisation,8
returns,5
pensioners.,2
pre-filled,4
"register,",3
banks,3
click,2
“sign,3
submit”,2
complete.,2
2008,4
next,5
step,13
requirement,4
signing,2
submission,3
longer,8
unless,2
changes.,3
now,14
70%,2
pensioners,4
so-called,4
“silent,3
acceptance”,2
mechanism.,3
practices.,3
2.12).,1
outside,1
itself.,1
agriculture,1
agri,1
food,7
approached,1
learned,1
embarked,1
agpal.,1
administrators,3
scheme),1
invitation,1
"authority,",6
sought.,1
gives,1
quick,2
"loop,",1
"accountability,",1
keep,1
date,3
"opportunities,",3
practice.,3
leadership;,1
client,16
cut,1
portfolios,1
client’s,1
"view,",1
occurs,1
behind,2
scenes,1
concern,3
quickly,4
accurate,2
standpoint,1
risks,3
considering,5
user-centric,1
approaches,11
buying,1
etc;,1
mind;,1
elements,5
overlap,1
view,3
“what,1
do”,1
amalgam,1
necessitates,2
co-ordinate,2
co-operate,1
"“buy-in”,",1
lines,2
accountability,2
2.13).,1
"body,",1
"direction,",1
jurisdictional,2
initiatives,4
align.,1
jurisdiction,2
provincial/territorial,5
entitled,1
seat,1
guide,7
horizontal,3
develops,3
"policies,",1
guidelines,3
documentation,1
deems,1
successful,5
(brc),2
"municipalities,",3
2004.,3
"nevertheless,",2
final,6
nine,2
bodies.,4
preparatory,1
body,5
council.,2
side,2
brc’s,1
day,1
to-day,1
management.,2
architecture,3
arms,1
respectively.,1
parties.,1
recent,8
effectively,5
disabled,1
persons.,1
examination,2
"procedure,",1
welfare,6
integration,10
"insurance,",2
accident,2
remain,1
(sozialgesetzbuch,1
(sgb),3
neuntes,2
buch,3
"(ix),",1
n.d.[29]).,1
course,1
informal,1
networks,4
bringing,3
initiative,5
ireland,1
learn,4
2018,3
saw,2
bodies,3
"start-ups,",1
entrepreneurs,4
(department,5
2019[30]).,1
periodically,1
"objectives,",3
evolution,1
results,7
achieved.,4
“on,2
ground”,1
who,20
system,21
authority.,6
partnership,17
"established,",2
manage,2
relationship,3
themselves.,2
encouraged,2
agree,2
partnership.,4
register.,4
giving,5
relation,4
function(s),4
licensing,2
organisation.,4
function,7
"(christensen,",3
"t.,",3
"fimreite,",3
"l.,",3
p.,5
"lægreid,",2
2007[31]).,2
"interestingly,",1
appears,3
"provided,",1
located,6
consistency,7
2.14).there,1
agencies.,10
shop’s,2
goals;,1
structural,2
cultural,3
2.15).,1
designers,6
"subset,",1
take,6
t.,2
lægreid,3
"(eds),",1
2006[32]),1
"(pollitt,",1
c.,4
g.,2
"bouckaert,",1
2004[33]).,1
acquiring,1
"skills,",3
adopting,3
"culture,",1
mutual,1
trust,2
patience,1
"now,",1
expanded.,1
running,4
maintaining,6
split,1
umbrella,3
association,4
consist,1
updated,5
independently,3
skills.,3
automatically,4
converted,2
format,3
"thus,",3
control,5
intervention,2
rapid,2
thousands,1
editors,1
civil,4
centrally,1
team.,1
accessed,5
delivered,6
teams,5
toolkit,1
covering,3
"assurance,",1
"procurement,",1
shortcuts,1
duplicating,1
effort.,1
consistent,8
coherent,1
"n.d.[34]),",1
n.d.[35]).,1
"generally,",3
sense,4
ownership,2
unexpected,1
issues;,1
tops-down,1
surety,2
shifts,1
expansion,6
retraction,1
scope.,2
directions,1
"set,",1
instance,6
facing,2
unusual,1
factor,7
success.,3
establishment.,1
subsequently,3
met.,1
comes,2
manuals,1
"guides,",1
formally,2
2.16).,1
available.,4
including:,5
standards;,1
arising,3
lack,3
priority-,2
setting,7
centre;,1
co-ordination.,1
(lbro),1
above.,1
"end,",2
include:,3
enforcement,11
spend,2
articulation,1
authority’s,4
role.,2
trying,2
worth,3
british,4
"taxpayers,",2
newly,1
intelligence,2
unit,2
(hm,1
treasury,2
"uk,",2
"2005[36]),",1
"reform,",5
"2008[37]),",1
outset.,2
ports,1
"call,",1
sending,1
elsewhere,3
information;,1
delivered;,1
"(kubiceck,",1
h.,4
m.,3
"hagen,",1
2000[38]).,1
2.17).,1
adequately,1
considered.,2
failure,1
suggested,3
“better,1
scan,1
[had],1
outset,2
determine,3
[have,1
been],1
targeted,4
smes”,1
2011[19]).,5
assists,3
registration,5
"specifically,",2
little,4
target,10
narrow,4
mind.,2
oriented,2
towards,6
group.,2
element,4
accessible,5
"further,",7
requests,6
provided.,5
design-thinking,1
"undertaken,",2
"personas,",2
tests,5
experience-led,1
cycles.,1
end-users,2
(citizens,2
businesspeople).,2
"examples,",1
personas,1
actually,5
“incorporated”,1
businesspeople,2
participated,1
thinking,2
"sessions,",4
explaining,1
sectorial,2
"portals,",1
proposing,1
"be,",1
"end-users,",2
consulted,2
phases.,3
mainly,6
influenced,2
functional,4
details,3
usability,7
testing.,3
elicit,1
surveys,5
"like,",1
in-depth,4
approaches.,3
2.18).,1
evaluation.,2
"2000,",2
interdisciplinary,2
(easier,1
reporting),1
confederation,1
federation,2
commercial,5
enterprises.,4
six,5
year,4
"duties,",3
simple,8
familiar,3
technology.,4
presented,6
complex,6
form.,4
"foremost,",2
demonstrated,2
opens,2
pedagogical,3
lot,4
easier.,3
2003.,3
flow-on,1
considerations.,1
informational-,1
payment,3
depend,2
organisations;,1
“high,1
traffic”,1
represents,1
tooling,1
remit,3
consider.,1
depth,3
narrower,1
reach,2
low,2
"contrast,",2
"provision,",1
whereby,3
directed,5
elsewhere.,1
landing,3
weblinks,1
sources,2
interesting,2
separately,2
“under,1
"roof”,",1
though,1
2.19).,1
"citizens,",7
submit,6
messages,7
"inbox,",2
i.e.,3
dialogue.,2
paid,2
close,1
user’s,6
cutting,4
levels.,6
discuss,5
includes,9
"taxation,",2
"transport,",2
sector.,6
"professionals,",2
distinction,3
“business”,2
“citizen”,2
individuals,3
structures,5
accomplish,2
goals.,2
"rather,",3
structuring,2
audience,4
designers.,1
vary,1
structure.,1
likely,5
involve,1
large,2
suggests,1
"ones,",1
transform,2
departmental,1
collaborative,4
trade-off,1
standardisation,1
subnational,3
flexibility,4
devolved,4
facilitates,3
smooth,2
2011[24]),2
"(sullivan,",1
"skelcher,",1
2002[39]).,1
"administrations,",1
digitise,1
provision.,1
allowed,3
administrations,2
differs,1
"gov.uk,",3
welsh.,1
"level,",10
declaration,1
voluntarily,1
espoused,1
(ministry,1
"housing,",2
communities,3
2018[40]).,1
2.20).,1
discretion,2
ingredients,1
certainly,3
tailor,1
“for,1
appreciation,1
other’s,1
environments,2
challenges”,1
"hand,",4
multi-jurisdictional,2
operates,6
costing,2
outlined,2
intergovernmental,2
agreement.,1
(ised),2
steward,2
houses,2
(nbo).,2
municipality,1
partner’s,2
sc,2
jurisdictions,3
"(ised,",2
"territories/provinces,",1
"municipalities),",2
whole-of-government,2
consensus-based,2
multijurisdictional,2
partner.,2
articulated,2
agreed,3
upon,2
covers,5
service.,10
past,6
pressures,1
partnership’s,1
optimal,2
effectiveness,6
linkages,1
segments,1
blurred,1
worked,1
well.,1
attributed,1
“to,1
involved”.,1
acknowledged,1
commented,1
“has,1
federal/provincial/territorial,3
co-,1
ever,1
adoption,1
initiatives.”,1
(hallux,3
"consulting,",3
"2008[41]),",3
"“model”,",1
abilities,1
allocations,1
expansion.,1
"models,",1
memoranda,1
facets,1
"allocations,",1
"recruitment,",2
inter-agency,1
collocated,1
compared,2
latter,4
"boards,",1
"budgets,",1
recruitment,2
unforeseen,2
“breaking,1
silos”,1
connected,5
"(pwc,",5
2016[42]).,5
actively,1
“maximise,1
effectiveness”,1
"parties,",1
ownership.,1
undertaking,3
studies;,1
mediums,11
clients;,1
periodic,2
minimum,1
"necessary,",1
panacea.,1
audience.,1
plausible,1
alternatives,1
canvassed,1
explain,4
"experience,",1
"doing,",1
determining,4
solution.,3
"general,",1
shop;,1
demand,1
service;,2
alternative,3
scenarios,1
costs;,1
risks;,1
timeframe,1
required;,1
projects.,1
apart,3
obvious,1
"implications,",1
places,1
results-orientated,1
discipline,1
gone,1
“live”,1
problem,5
"developed,",1
amalgamation,3
of/with,1
2.21).,1
incorrect,1
conclude,1
expand,5
performance.,3
mission,1
creep,1
evidence-based,2
iteration,2
advisory,2
scheme.,6
home,3
non-legislative,1
precursor,1
successfully,1
piloted,3
"grew,",2
"features,",2
“co-ordinated,1
partnerships”,1
franchises,1
enacted.,1
voluntary,1
"scheme,",6
risk,4
pushing,1
beneficial,1
numbers,5
participants,4
"received,",1
borne,2
experiment,2
increase,6
eligible,2
youth,5
submitting,2
proposal,2
component.,2
"addition,",11
explore,2
intake,2
efficiencies,2
respond,3
applicants.,2
experimentation,7
serving,2
vulnerable,3
populations,2
grants,4
aligns,2
emphasis,3
learning,13
innovation.,4
facilitate,7
developments,2
navigation,3
tool.,2
grouping,1
steps,2
n.d.[43]).,1
immediately,2
intuitive,3
hire,1
someone,1
five,6
departments.,2
organise,2
"department,",1
site-wide,1
topics,1
2018[44]).,1
2.22).,1
"problems,",2
eliciting,1
"feedback,",2
direction.,1
namely,4
the:,1
owing,2
unintended,3
consequences,1
too,3
wide-ranging,1
scrutinising,1
"consultations,",1
power,2
"recovery,",2
approve,1
action,1
already,17
given.,1
bill,1
"would,",1
scale,4
"up,",1
2008[37]).,3
fits,2
purpose.,1
vehicle,3
objective.,1
thought,1
“face”,1
allows,13
facilitated.,1
"could,",1
shopfront,1
"appropriate,",2
"webpage,",1
necessary.,2
shops’,1
determined,1
preferences.,1
2.23).,1
channels.,1
"shopfronts,",1
call,8
"centres,",5
platforms.,1
solely,1
groups.,1
spot,2
face-to-face,5
people,10
comfortable,3
internet.,1
assisting,2
driving,3
declarations,1
healthcare,1
spots,1
"better,",1
quicker,1
promote,2
literacy,1
(administrative,1
modernisation,9
2016[45]).,1
adjusted,1
visual,1
"originally,",1
month,3
period.,1
altinn’s,15
changed.,2
"conducted,",3
fearful,1
average,2
relaunched,1
shortcomings.,1
brighter,1
friendly,1
colour,1
"palette,",1
simpler,3
involves,4
illustrations,1
pages.,1
"bizpal,",4
professional,4
intermediaries,1
"accountants,",1
"lawyers,",1
interactive,2
that:,1
in-person,6
market,8
"intelligence,",2
speed,1
"regulation,",2
response,6
"review,",1
"means,",1
3%,1
"downloaded,",1
"electronically,",2
submitted,3
three-quarters,1
"2015[20]),",1
feature,3
incorporated,2
eportugal.,2
seal,2
identifies,1
distinguishes,1
applications.,2
(ama),3
institute,2
"rehabilitation,",1
disabilities,2
computers,1
devices,1
assistive,1
"seal,",1
offers,4
user-support,1
"helplines,",1
chatbot,3
artificial,2
intelligence.,1
named,3
sigma,1
"chatbot,",2
ask,2
contacted,2
helplines,2
personalised,2
navigability,1
devising,2
"“face,",1
"look,",1
feel”,1
substantive,2
rounds,1
eventually,3
settle,1
projecting,1
confidence,1
differing,1
total,3
person,7
languages.,3
expands,1
others.,2
processes.,1
complexity,4
volume.,1
relates,2
data.,1
"once,",1
purposes.,3
in-,3
house,3
"regards,",1
authentication.,1
id-porten,1
log,1
ids:,1
"minid,",1
"bankid,",1
bankid,1
"phones,",1
"buypass,",1
commfides,1
buypass,1
phones,1
2.24).,1
uniquely,3
commencement,2
originally,4
"mechanisms,",1
exists,1
(id-porten).,1
individual(s),1
coordinating,5
persons,3
prefill,1
"sector,",3
personal,4
dialogue,7
history,2
pioneered,1
"verify,",1
"infrastructure,",3
gov.uk’s,2
aims,6
"safe,",1
"secure,",1
enable,2
prove,1
need.,2
seven,2
“identity,1
providers”,1
certified,1
“government,1
standards”.,1
provider,6
verify,3
his,1
her,1
"photo,",1
etc.).,1
identity.,1
maintained,3
transaction.,1
scale.,2
we,4
leverage,2
secure.,1
stewardship,1
underway,1
"accessed,",1
"authenticated,",1
putting,1
clarify,1
mastered,1
“tell-us-once”,1
safeguards).,1
looking,6
role-based,1
improves,2
analytics,3
minimizing,1
"standardised,",1
stored,3
replication,1
minimised.,1
"(madi),",1
province,1
alberta.,1
trusted,2
pan-canadian,1
framework.,1
"simplified,",1
sign,2
enrol,1
hence,2
username,1
password,1
interoperability.,2
produces,1
concerning,4
quality.,2
semantic,1
metadata,1
production,1
(van,1
"ooijen,",2
ubaldi,2
"welby,",1
2019[46]).,1
pointing,1
collected,6
2.25).,1
"interoperability,",4
“tell,1
us,2
"approach”,",1
utilised,2
implements,1
meaning,2
twice,1
times),1
portugal’s,1
(iap),1
exchange,4
resolution,2
"42/2015,",2
19,1
"june,",1
suppliers,1
(presidência,1
conselho,2
de,2
"ministros,",1
2015[47]).,1
"central,",1
portuguese,12
"enable,",1
cost-effective,1
automated,1
comprises,4
"provider,",1
payments,2
sms,2
gateway.,2
connections,1
webservices.,1
"rules,",2
interoperation,1
passports).,2
(esdc),2
mandate,3
(desda).,2
amendments,3
desda,2
authorised,2
governor,2
indigenous,6
non-profit,1
corporations,1
performing,3
(single,1
identifier,1
businesses),2
jurisdictions.,2
"2018,",7
begun,1
focus.,1
monmouthshire,1
county,1
sa,2
brain,2
co,2
ltd,1
(a,2
welsh,1
brewery),1
documents,2
councils,1
carrying,1
inspection,3
250,1
pubs,1
owned,1
wales.,1
rating,1
"pubs,",1
(office,1
"(uk),",1
2019[48]).,1
suggest,1
area,7
increasing,2
value.,1
original,1
sort,1
purchased,1
something,1
expertise),1
in-house,4
verify.,1
2.26).,1
logic,1
service’s,1
efficiency.,1
“support,1
smart,3
initiatives”,1
analysing,1
"transformation”,",1
reduced.,2
trade.,1
researched,1
barrier,1
inter-provincial,1
concluded,3
viable,2
reliable,3
comparable,1
sectors.,2
“burden,1
index”,1
"statistics,",1
"sectors,",1
nationally,1
"regionally,",1
heavily,2
burdened,1
theme,1
indicated,1
"mature,",1
2.27).,1
highlights,2
"testing,",3
systems.,7
"commonplace,",1
recognising,1
occur,1
reasonably,4
quickly.,2
decisions.,1
"jurisdictions,",1
remains,7
tenet,1
looked,1
products,1
concerned,1
choice,3
categorising,1
constrained,1
"success,",1
"non-relational,",1
"database,",1
distributable,1
html,1
"access,",1
soon,1
option,4
"partnerships,",2
placing,2
pressure,2
multifaceted,1
limitations,1
underlying,3
"acknowledged,",1
begin,1
issue.,1
"it,",1
morphed,1
"orientated,",1
future-looking,1
"developers,",1
play,2
regards,5
researching,2
technologies.,2
placed,2
"moreover,",1
knowledge,1
transition,2
arduous,1
"past,",1
attributable,1
breadth,2
years,8
exhaustively,1
ranging,2
2.28).,1
here,1
domestic,1
instrumental,2
functionalities,2
2003:,1
runtime,3
instructions,1
commands,1
request,6
completely,3
"studio,",2
2020.,3
studio,3
"modern,",2
responsive,3
automatic,4
self-,1
migration,2
cloud-based,2
software,6
industry.,3
"returns,",3
vat,2
"accounts,",3
90%,4
transferred,4
apis,4
sign-on,1
widespread,1
login,1
signature.,1
powerful,2
registers.,4
"registers,",2
module,3
possibility,8
possibly,2
private),3
prefilling,2
registers,3
"applicable,",2
archive,2
communications.,2
submissions,1
messages.,1
send,3
message,5
mailbox,2
applicable.,1
distributed,3
"apis,",2
companies’,4
investing,1
disseminating,1
2.29).,1
reflected,3
lived,1
(gds),1
“build,1
"websites”,",1
“make,1
open:,1
better”.,1
"former,",1
driver,2
agency.,1
reworking,1
(usually),1
motor,3
traders.,1
5.5,1
million,3
sales,2
vehicles,1
undertaken.,1
helpful,1
guides,2
(along,1
centre),1
constant,4
removed.,1
week,1
couple,1
minutes;,1
remembered,1
trader’s,1
time;,1
sped,1
refunds,1
"tax,",2
cash,1
flow.,1
"latter,",1
traveller,1
passengers,2
revamping,1
"existing,",1
non,1
"scalable,",1
cumbersome,1
user-friendly,2
border,2
visa,1
travellers.,1
another,8
catalogue,2
saving,2
considerable,6
resources.,2
back,5
file,1
"2012[49]),",1
"2014[50]),",1
2014[51]).,1
user-driven,3
extension,3
2016.,1
turned,1
revolution,2
transformation,9
opened,1
advantage,2
consent-based,1
loan,4
commitments,2
bank,3
matter,1
minutes.,1
applicant,1
authorises,1
"income,",1
wealth,1
loans,2
"bank,",2
automatically.,1
"this,",1
emerge,1
competencies,1
face,4
pre-date,1
element.,1
embrace,1
place.,1
inertia,1
service-centric,1
culture.,1
harder,1
long-standing,1
"challenged,",1
slow,1
react,1
2.30).,1
presidency,1
"ministers,",1
simplification.,1
(dmk),1
eid,2
electronically,2
"public,",4
"smartphones,",1
tablets,1
laptops.,1
"dmk,",2
hundreds,1
easy,5
convenience,1
interacting,2
ama’s,3
"role,",1
partnered,1
"justice,",1
"others,",1
thing,1
beginning.,1
renouncing,1
"platforms,",2
felt,1
it.,1
"instrument,",1
disseminated,1
feared,1
lose,1
platforms,2
"protocols,",1
always,6
do.,1
negotiation,1
hardworking,1
"team,",2
out-of-the-box,1
satisfying,1
2018[52]).,1
customer/client-centric,1
client-based,1
evaluate,2
"performance,",2
below.,1
"turn,",2
appreciate,1
arrive,1
"talent,",1
coaching,1
align,2
balancing,1
resourcing,1
clients.,5
divergent,1
formalised,2
negated,1
technically,1
2.31).,1
equipped,2
"behaviours,",2
values,2
beliefs,2
college,6
"institution,",2
courses,6
employees.,5
variance,2
reliability,2
professionalism,2
promotion,2
excellence.,2
excellence,4
certification,4
program.,1
"coaching,",2
class,2
instruction,2
follow-up,2
complementing,2
training.,2
stream,2
school,6
government-wide,1
"common,",1
standardised,3
curriculum.,1
"academy,",1
"learning,",2
academy,2
everyone,1
"share,",1
collaborate,3
"knowledge,",1
betting,1
methodologies.,1
"e-learning,",1
"training,",2
self-training,1
"initiatives,",1
"microlearning,",1
learning.,1
included:,2
involvement,2
agents,2
(board,2
"directors,",2
"units,",2
trainees);,2
multidisciplinary,2
delivery;,2
"technology,",2
interactive;,2
context;,2
teaching,2
materials;,2
effectiveness.,2
(canada,1
"n.d.[53]),",1
(employment,1
"2018[54]),",1
(agência,1
para,2
modernização,2
"administrativa,",1
"2019[55]),",1
cycle,1
"met,",2
manner,1
"vein,",1
monitored,1
evaluated,1
frequent.,1
every,6
tended,1
planned,4
advance.,1
embedded,3
"clause,",1
2.32).,1
obligation,2
legislation.,1
"article,",1
(spitzenverband,1
bund,1
krankenkassen),1
obliged,1
"usage,",1
drew,2
recommended,2
developed.,2
purely,4
"option,",2
requested,2
notifications,4
"indicators,",1
"registrations,",2
clicks,2
"sub-pages,",2
analysis,5
"germany,",2
"n.d.[56]),",1
(gkv,1
"spitzenverband,",1
"2018[57]),",1
“the,2
"consequences,",1
better”,1
forthcoming[58]).,1
2.33).,1
2.36),1
foreshadowed,2
issues:,1
unanticipated,2
"municipal,",3
user.,1
system;,1
"user,",2
nor,1
fee,2
payments.,1
achieved,3
had:,1
rollout;,1
promoted,2
innovation;,1
transformation;,1
term,1
sustainability.,1
former,3
answer,1
questions:,1
continued,4
service?,2
aligned,2
priorities?,1
legitimate,1
canada?,1
answer:,1
model?,1
objectives?,1
(including,1
engagement,4
territories)?,1
facilitated,2
success?,1
impacts,3
(positive,1
negative),1
enhance,3
efficiency,3
economy?,1
ease,1
“businesses,1
fewer,1
compliance;,1
incurs,1
employee,1
larger,1
counterparts,1
(i.e.,1
99,1
employees)”,1
public/private,1
lowering,2
criteria,4
indicia,1
period,3
meaningful,1
phase.,1
"strategic,",1
"operational,",1
tactical,2
monitor,1
improvements.,2
"exist,",1
satisfaction,2
"questionnaires,",1
mystery,1
"shoppers,",1
audits,1
2012[59]).,1
germane,1
"rates,",2
feed,2
2017[60]),1
2.34).,1
inclusion,2
"respectively,",1
entire,2
gender,2
uses,5
managerial,1
advertising,1
penetration,1
gaps,1
perceptions,1
altinn;,1
safe,2
purposes;,1
stable,1
needed.,1
tracking,1
leaving,1
quarterly,1
mandatory,1
on:,1
transaction;,1
satisfaction;,1
rates;,1
take-up.,1
varies,2
"substantially,",1
pence,1
700.,1
great,2
"breadth,",1
priority,2
transformation.,2
"experiences,",1
"interviews,",1
moderated,1
structured,2
questionnaires,1
expressing,1
interest,1
"joining,",1
interested,1
joining.,1
"challenges,",1
"compliance,",2
"inconsistencies,",1
telephone,2
visits,2
media,3
calls,2
800,4
number.,2
department’s,3
metrics.,2
"norway,",4
"2016[61]),",1
"2016[62]),",1
(gov.uk,1
"manual,",1
"2018[63]),",1
"2013[64]),",1
(primary,1
"evaluation,",2
"2013[65]),",1
circumstances,1
(either,1
"factors),",1
fix.,1
exacerbate,1
situation.,1
respect,4
mirrored,1
context.,1
reasons.,1
"firstly,",1
pointed,1
functioning,2
"secondly,",1
hand,2
"trials,",1
"trust,",1
input.,1
contains,4
post,2
reviews.,1
[the,1
authority],1
tighter,1
loop,1
stronger,1
"stakeholders,",1
manner.”,1
continually,1
2.35).,1
played,1
plays,1
major,3
modern,3
"insight,",1
feel.,1
styleguide.,1
improvements,2
video,4
chat,4
32,1
centres,6
lineups,1
"faster,",1
person.,1
workstations,1
speak,1
officer,1
screen,1
"assist,",1
altogether.,1
3,3
brandon,1
"winnipeg,",1
manitoba;,1
"kingston,",1
ontario;,1
st.,1
"leonard,",1
quebec;,1
"fredericton,",1
brunswick;,1
flagship,1
toronto–north,1
"york,",1
ontario.,1
93%,1
experience.,1
(in,1
"virtually),",1
faster,1
sacrificing,1
jobs,1
go.,1
february,1
ios,1
android.,1
"31,",1
installed,1
200,1
times.,1
integrate,2
policymaking,2
formation,1
non-regulatory,1
made.,1
experiences.,1
deeper,1
formulate,1
genuinely,1
competitive,2
"industries,",1
prices,2
expensive,1
fines,1
etc.,4
better-informed,1
willing,2
loops,1
(re-emerging,1
new),1
addressed.,1
objective(s),1
shops;,1
solutions;,1
stands,2
benefit;,1
bears,1
them;,1
2.36).,1
independent,2
fragmentation,1
uncertainty,1
authority:,1
government;,1
enforcement;,1
principle;,1
co-ordinated,6
assessment.,1
assessments,2
"roles,",1
"sanctions,",1
explicitly,2
"monetised,",1
hosting,1
evidence,2
assumptions,1
"adopted,",1
cost-recovery.,1
"assessment,",2
address:,1
partnerships;,2
scheme;,2
"(2016),",4
"spot,",1
https://www.ama.gov.pt/web/english/citizen-spot.,1
[45],1
agência,1
administrativa,1
academia,2
ama:,1
competências,1
"formação,",1
(unpublished).,1
[55],1
[24],1
"(n.d.),",7
"lines,",1
https://www.csps-,1
efpc.gc.ca/about_us/business_lines/index-eng.aspx.,1
[53],1
"christensen,",2
(eds),1
"(2006),",2
regulation:,1
coping,1
"state,",1
edward,1
elgar.,1
[32],1
"(2007),",1
“reform,1
-,7
"organizations”,",1
"sciences,",1
"73/3,",1
"389-408,",1
https://journals.sagepub.com/doi/pdf/10.1177/0020852307081149.,1
[31],1
"(2008),",3
assessment:,1
sanctions,2
"bill,",1
https://www.legislation.gov.uk/ukia/2008/104/pdfs/ukia_20080104_en.pdf.,1
[37],1
https://dbei.gov.ie/en/what-we-do/supports-for-smes/taking-care-of-business/.,1
[30],1
"(2018),",7
audit,2
program,2
"benefits,",2
https://www.canada.ca/en/employment-social-,1
development/corporate/reports/audits/2018-employment-insurance-program-delivery-special-,1
benefits.html.,1
[54],1
"fox,",1
"(2010),",3
2010,1
beyond:,1
"evolution,",1
https://www.gov.uk/government/publications/directgov-2010-and-beyond-revolution-not-,1
evolution-a-report-by-martha-lane-fox.,1
[10],1
gkv,1
spitzenverband,1
bericht,1
betrieb,1
„sozialversicherung,1
arbeitgeber“.,1
[57],1
"blog,",5
https://gds.blog.gov.uk/2018/12/07/a-gds-,1
story-2018/.,1
[15],1
https://gds.blog.gov.uk/2018/10/17/building-a-,1
better-gov-uk-step-by-step/.,1
[44],1
"(2014),",4
https://gds.blog.gov.uk/2014/08/22/how-sharing-helps-us-improve-digital-services/.,1
[51],1
revealing,1
hidden,1
"transformation,",1
https://gds.blog.gov.uk/2014/12/17/revealing-the-hidden-side-of-transformation/.,1
[50],1
"(2013),",7
2013:,1
"again.,",1
https://gds.blog.gov.uk/2013/01/06/digital-transformation-in-2013-the-strategy-is-delivery-,1
again/.,1
[14],1
https://gds.blog.gov.uk/2013/01/17/gov-,1
transaction-costs-behind-data/.,1
[64],1
https://www.gov.uk/guidance/government-,1
design-principles.,1
[49],1
https://gds.blog.gov.uk/2012/05/14/feedback-,1
isnt-just-for-cobain-and-hendrix-what-we-heard-from-the-inside-government-beta/.,1
[13],1
blog.,1
[12],1
https://gds.blog.gov.uk/story-2010/.,1
[11],1
https://www.cloud.service.gov.uk/.,1
[34],1
"toolkit,",2
http://www.gov.uk/service-toolkit.,1
[35],1
"navigation,",1
https://design-system.service.gov.uk/patterns/step-by-,1
step-navigation/.,1
[43],1
manual,1
your,2
https://www.gov.uk/service-manual/measuring-success/measuring-the-success-of-your-,1
[63],1
https://www.gov.uk/government/publications/the-government-technology-innovation-strategy.,1
[16],1
courtenay,1
joins,1
strengthening,2
https://www.canada.ca/en/innovation-science-economic-,1
development/news/2019/06/the-city-of-courtenay-joins-bizpal-strengthening-local-,1
businesses.html.,1
[22],1
"(2015),",2
https://www.ic.gc.ca/eic/site/ae-ve.nsf/eng/h_03810.html.,1
[20],1
archived,2
—,2
https://www.ic.gc.ca/eic/site/ae-ve.nsf/eng/h_03356.html#wb-tphp.,1
[19],1
germany,1
viertes,1
(iv),1
gemeinsame,1
vorschriften,1
die,1
sozialversicherung.,1
[56],1
"gender,",1
https://public.tableau.com/views/altinnusebyageandgender2016/dashboard1?:embed=y&:dis,1
play_count=yes&publish=yes&:origin=viz_share_link&:showvizhome=no.,1
[61],1
https://public.tableau.com/profile/difi#!/vizhome/altinnbrukerunderskelse_0/dashboard1.,1
[62],1
hallux,1
consulting,1
service—final,1
"report,",1
https://www.ic.gc.ca/eic/site/ae-ve.nsf/eng/02872.html.,1
[41],1
hm,1
"(2005),",2
burdens:,1
http://news.bbc.co.uk/nol/shared/bsp/hi/pdfs/bud05hampton_150305_640.pdf.,1
[36],1
"hurk,",1
interior,1
"relations,",1
hague.,1
informationstechnische,3
(itsg),3
pilotanwendungen,1
informations-portal,1
"antragswesen,",1
optimiertes,3
meldeverfahren,3
sozialen,3
"sicherung,",1
"abschlussbericht,",2
block,1
4,2
teil,2
"2,",2
https://www.bmas.de/de/themen/soziale-sicherung/optimiertes-meldeverfahren/optimiertes-,1
meldeverfahren.html,1
(accessed,3
august,4
2019).,3
[18],1
machbarkeitsstudie,1
sicherung;,1
https://www.bmas.de/de/themen/soziale-sicherung/optimiertes-,1
meldeverfahren/optimiertes-meldeverfahren.html,1
[23],1
projekt,1
bmas:,1
sicherung,1
"(oms),",1
https://www.itsg.de/studien/oms/,1
[17],1
"kubiceck,",1
hagen,1
"(2000),",1
’one,1
europe:,2
"overview’,",1
university,2
bremen.,1
[38],1
"declaration,",1
https://localdigital.gov.uk/declaration/.,1
[40],1
data-driven,2
https://dx.doi.org/10.1787/059814a7-en.,1
[28],1
strategies:,1
"practices,",2
portugal:,1
"key,",1
http://www.oecd.org/gov/portugal-digmobile-,1
keydocx.pdf.,1
[52],1
"(2017),",1
proposed,2
e-leaders,1
"meeting,",1
"lisbon,",1
21-22,1
"september,",1
paris.,3
[60],1
"strategies,",1
https://www.oecd.org/gov/digital-government/recommendation-digital-,1
government-strategies.pdf.,1
comparative,2
countries:,2
paper.,1
[8],1
performance:,1
practitioner’s,1
perception,1
http://www.oecd-ilibrary.org/governance/measuring-,1
regulatory-performance_9789264167179-en.,1
[59],1
[7],1
complicated?:,1
red,5
"tape,",2
https://doi.org/10.1787/9789264089754-en.,1
[4],1
"(2009),",1
mexico:,1
"columbia,",1
https://www.oecd.org/gov/regulatory-policy/44981275.pdf.,1
[21],1
tape:,2
[5],1
"(2003),",1
"(2002),",2
interventionism,1
https://dx.doi.org/10.1787/9789264177437-en.,1
[6],1
"(forthcoming),",1
policy:,2
regulation.,2
[58],1
"safety,",1
https://www.gov.uk/government/case-studies/primary-authority-helps-sa-brain-,1
co-with-food-safety.,1
[48],1
"pollitt,",1
bouckaert,1
"(2004),",1
reform:,1
"analysis,",1
oxford,1
press.,1
[33],1
presidência,1
ministros,1
no.,2
https://dre.pt/home/-/dre/67540636/details/maximized?p_auth=7pgkxeza.,1
[47],1
https://www.gov.uk/government/publications/primary-authority-evaluation.,1
[65],1
pwc,1
transforming,1
experience:,1
https://www.pwc.com/gx/en/government-public-sector-research/pdf/one-stop-shop-2016.pdf.,1
[42],1
(ix),1
rehabilitation,1
teilhabe,1
von,1
menschen,1
mit,1
"behinderungen,",1
§,1
19-23.,1
[29],1
"sullivan,",1
skelcher,1
boundaries:,1
palgrave,1
mcmillan.,1
[39],1
strategy:,2
"2013,",3
https://www.gov.uk/government/publications/government-digital-strategy/government-digital-,1
[26],1
https://www.gov.uk/government/collections/government-digital-strategy-reports-and-,1
research#progress-reports.,1
[27],1
https://www.gov.uk/government/publications/government-digital-strategy.,1
[25],1
nations,2
"publication,",1
https://www.unece.org/fileadmin/dam/cefact/recommendations/rec33/rec33_trd352e.pdf.,1
[9],1
van,1
"c.,",1
b.,2
“a,1
sector:,1
"productive,",1
inclusive,1
trustworthy,1
"governance”,",1
papers,1
"33,",1
https://dx.doi.org/10.1787/09ab162c-en.,1
[46],1
cad,1
2.5,1
2005.,1
fairly,1
brought,3
participation,2
sole,2
territories.,1
"programme,",2
detriment,1
disappeared,1
"matured,",1
ministries/agencies,1
content.,1
058,1
medium,2
do?,8
450,1
licenses,3
registered,3
base.,1
operate?,8
(ila).,1
(sc),1
making.,1
(spa),1
spa,1
sc.,1
"trade,",1
"fishing,",1
exploration,1
"mining,",1
"gambling,",1
"estate,",1
pesticide,1
"use,",2
child,1
zoning,1
road,1
home-,1
premises.,1
prospective,1
areas/activities.,1
"sense,",1
shallow,1
investigating,1
additionally,1
"currently,",2
requisite,2
"provincial/territorial,",2
presents,3
permits.,2
"into,",1
evaluating,1
database.,2
stemming,1
1995,1
priorities,3
competitive.,1
applies,1
resulted,2
"jurisdiction,",1
mandates,1
together.,1
instituted,1
google,1
record,1
usage,2
analysed,1
provides.,1
supplied,1
reviewed,1
occasions,1
five-yearly,1
justified.,1
audits.,1
scheduled,1
complaints,1
generic,1
email,3
broken,1
update,6
timeframe.,1
regularly.,1
marketing,2
campaign,1
awareness,3
designs,1
swift,1
(explained,1
above),1
justified,1
expense.,1
"targets,",1
appropriateness,1
join.,1
consultative,1
origins,1
1998,1
citizen-centred,1
"(cpp),",1
"(oas),",2
"(ei),",2
manages,2
o-canada,2
(call,1
"centre),",1
canada.ca,2
(web,1
"presence),",1
(gc),1
"ottawa,",1
ontario,1
co-located,1
site,2
lives,1
life’s,1
"transitions,",1
"another,",1
unemployment,2
"employment,",2
workforce,1
retirement.,1
example:,3
new-borns,1
"children,",1
"e.g.,",7
"youth,",1
apprentice,1
"adults,",1
temporary,3
foreign,2
worker,1
"populations,",1
"programmes,",2
guaranteed,2
income,3
"supplement,",1
"sickness,",1
disability,1
"seniors,",1
for-profit,1
"organisations,",5
contribution,1
"canadians,",1
passports,1
expenditure,2
"esdc,",1
come,1
appropriation,1
statutes,1
authorise,1
parliament,3
"annual,",1
exceptions.,1
first”,1
programme.,2
"2017-18,",1
started,4
"(stp),",1
roadmap,1
esdc’s,1
coming,1
enrolment,2
supplement,1
(gis),1
builds,2
off,1
(oas),1
april,1
"30,",1
1.1,1
seniors,2
advised,2
oas,4
auto-enrolment,1
2013.,2
enrolled,1
gis.,1
presence,3
found.,1
monday,1
"friday,",1
8:00,1
a.m.,1
5:00,1
"p.m.,",1
consists,2
dedicated,2
(cpp),1
employers.,3
"ei,",3
cpp,3
ei,3
claim,4
"status,",1
"messages,",1
"details,",1
"information),",1
24,1
hours,1
"day,",1
days,1
week.,2
611,2
209,1
"languages,",1
telephone.,1
select,1
(sccs),1
officers,1
region.,1
"agents,",1
workload,1
offices.,2
outlets,1
traditionally,1
"simple,",1
"practical,",1
sessions,2
clientele,1
employment.,1
"peoples,",1
"immigrants,",1
living,1
remote,1
centric,2
playbook,1
"insights,",1
"program,",1
(csps),1
conducts,1
(cx),1
perceive,1
obligates,1
regularly,4
full,2
outcomes.,1
automation,1
enhancement,1
canadians.,2
responded,1
dedicating,1
focused,1
namely:,1
migrating,1
"centralised,",1
hosted,2
telephony,2
streamlining,2
enhancing,1
security.,2
multi-year,1
digitally.,1
my,2
"(msca),",1
"contributions,",1
records,1
continues,3
underway.,1
"account,",1
securely,3
myaccount,1
login.,1
revalidation,1
logged,1
account.,1
direct,3
deposit,1
near,1
real-time.,1
"initiative,",1
business-led,1
"experts,",2
modernize,1
oas.,1
core,3
redesign,2
agility,1
(hccs),1
cpp/oas,1
employer,4
centres.,2
hccs,1
phone,4
protecting,1
"errors,",1
fraud,1
abuse,1
shifted,1
“pay,1
chase”,1
“integrity-by-design”,1
focusing,1
addressing,1
"payment,",1
integrity-by-design,1
inception,1
lifecycle.,1
"preventing/deterring,",1
monitoring/detecting,1
enforcing/addressing,1
"error,",1
"fraud,",1
wrongdoing,1
abuse/misuse,1
journey,1
mapping,1
define,1
"outreach,",1
"call-centres,",1
parallel,1
behind.,1
consolidate,1
policy/programme,1
"resources,",1
enablers,1
co-create,1
foundation,1
"early,",1
sustainability,1
renewal,2
array,1
skill,1
sets,1
one-stop-shops.,1
"arbeitgeber),",1
january,2
"2017,",3
digitalize,1
financed,1
deducted,1
salary,1
insured,2
(health,1
"as,",1
"accident,",1
insurance),1
gradually,1
transmission,3
2006.,2
"successful,",1
impetus,1
optimisation,2
lasted,1
pillars,3
way.,1
medium-,1
sized,1
overwhelmed,1
revealed,3
employer’s,2
"side,",1
insurances.,3
finally,1
operated,4
150,1
visitors,4
"registered,",1
forecasted,1
rise,1
2018.,2
level(s),1
supervised,1
system:,2
"funds,",1
"association,",1
public-law,1
"corporations,",1
organize,2
self-government.,1
prescribes,1
insurances,2
responsibility.,1
start-ups,1
/,1
fulfil,3
branches,1
freely,1
everyone.,1
associations.,1
convenes,1
proportionally,1
weblinks.,1
functions,1
"future,",1
2014.,2
“front-office”.,1
displays,1
registering,2
notifying,1
exclusively,1
bundle,1
time-consuming,1
hotlines,1
concept,1
"""life",1
"events"".",1
chose,1
"""new",1
"employer"",",1
"""illness",1
"worker""",1
"""opening",1
"enterprise"".",1
sequence,1
yes/,1
questions.,1
checklist,1
situation,1
faces.,1
assigned,1
"situation,",1
corresponding,2
link.,1
operator,1
german.,1
add,1
multi-language,1
capability,1
translate,1
ensured,1
firmly,1
code.,1
engaged,2
stage.,1
workshops,1
stakeholder,3
invited,1
options,2
"study,",1
answered,1
moderators,1
introduced.,1
"obligation,",1
mostly,2
preliminarily,1
"other,",1
non-german,1
speaking,1
lasting,1
proven,2
calculation,1
learnings:,1
converts,1
programmer.,1
simultaneously,1
displayed,1
carriers.,1
"insurances,",1
adapting,1
embedding,1
logo.,1
"value,",1
customers,1
"additional,",1
tailor-,1
44,1
connection,1
www.tuempresa.gob.mx,1
"beginning,",1
denominations,2
restrictions.,1
transmitted,1
"responsible,",1
“company,1
deed”,1
notary,1
securities,1
broker,1
constitute,2
tuempresa.gob,1
"gob.mx,",1
"companies,",3
authorised;,1
deed,1
“sociedad,1
por,1
acciones,1
simplificadas,1
(simplified,1
joint-stock,2
company),1
(sas)”,2
"obtained,",1
obtaining,1
taxpayer,4
registry,6
(rfc),1
issued,3
sat,1
(taxpayer,1
"system),",1
"e-signature,",1
imss,1
(mexican,1
institute).,1
tuempresa.gob.mx,1
348,1
722,1
"names,",1
85,2
056,1
authorised.,1
level/mexican,1
link,3
pages,3
governments;,1
granting,1
"date,",3
mid-term,1
tuempresa,2
natural,2
"persons,",1
implies,1
intending,1
mode,1
closure.,1
defines,1
usability.,2
advantages,1
e-signature,3
"sat,",1
"identified,",2
interoperable,1
authenticating,1
item.,1
business;,1
"tuempresa,",1
procedures:,1
denomination,3
referring,1
modes,1
“simplified,1
typical,1
notice,1
incorporation,1
commerce,2
(imss),1
"commerce,",1
"system,",2
movable,1
property,2
collateral,1
"registry,",1
procedure,2
dissolution,1
liquidation,1
launching,1
highest,2
converged,1
on-line,1
economy.,1
"2016,",2
economy,2
"2003,",1
sixteen,1
"later,",1
spans,1
furthermore,1
switched,2
2005:,2
box.,1
users',1
mailboxes,1
company's,1
(citizens),1
clicking,1
submit”.,1
2007:,1
plain,1
smes.,1
2008:,1
taxpayers,1
notification.,1
"today,",2
acceptance”.,1
2009:,1
appointed,1
(psc),1
(248/5000),1
2010:,2
"new,",1
modernised,1
"released,",1
"ii,",2
types:,1
idea,2
standardize,1
ii,2
functionality,2
apis.,1
innovation@altinn,1
"meetings,",1
meetings.,1
2011:,1
(before,1
logging,1
in),1
considerably,1
adding,1
2015:,1
a-ordning,1
statistics,3
machine-to-machine,1
payroll,1
(integrated,1
apis),1
administers,1
2016:,2
"for,",1
patent,1
directorates,1
collaboration.,1
400,1
letters,1
inbox.,1
"individuals,",1
"name,",1
sickness,1
"altinn.no,",1
residents,1
norge.no,1
center,1
2002/2003,1
accounted,1
80-90%,1
influence,1
end-,1
representing,2
accountants,1
"auditors,",1
(businesses/citizens),1
elongated,1
scattered,1
"while,",1
digitisation,1
drastically,1
100%,2
lodged,1
"municipality,",1
architects.,1
"lastly,",1
peer-to-peer,1
notify,1
neighbours,1
consultation.,1
"centre,",1
redirect,1
app.,1
desk,1
email.,1
start-up,1
seminars,1
"boundaries,",1
agency's,1
www.lovdata.no,1
incremental,1
master,1
upgrade,1
became,1
suitable,1
“start,2
business”.,1
"2011,",2
web-services,1
completed.,1
"maintained,",1
editorial,2
board,2
approval,1
(competent,1
authorities).,1
peak,1
load,1
disclosure,1
settlement,1
notices.,1
investigation,2
expense,1
non-functional,1
"increased,",1
sufficient.,1
collects,1
statistics:,1
95%,1
99%,2
vat.,1
shareholder,1
statements,1
"(98%),",1
bankruptcy,1
proceedings,2
"(95%),",1
(91%).,1
user-friendliness,1
ranked,1
business”,1
europe.,1
(id-porten),1
accepts,1
enterprise.,1
suit,1
today.,1
self-service,1
user-focussed,1
aggregate,1
“citizen,2
"portal”,",1
map”,1
“entrepreneur’s,2
desk”,1
portal:,2
(national,1
foreign).,1
"passport,",1
renew,2
"license,",1
residence,1
renewal.,1
entrepreneur’s,1
desk:,1
"company,",1
map:,1
georeferencing,1
tickets,1
"counters,",1
combines,1
"burden,",1
"digitisation,",1
"cutting,",1
promotion.,1
dematerialisation,1
large.,1
"everyone,",1
choosing,1
autenticação.gov.,1
outlines,1
"demands,",1
pursuing,1
citizen-driven,2
"simplex+,",1
follows,1
ultimate,1
simplex+,1
602,1
"measures,",1
"launched,",1
"isimplex,",1
“i”,1
119,1
"projects,",1
isimplex,1
5,2
only;,1
reuse;,1
default;,1
behavioral,1
economy;,1
emergent,1
"obtain,",1
upload,1
co-ordinates,1
infrastructures,1
e-id,1
"(autenticação.gov),",1
card,3
(dmk).,1
interaction.,2
"card,",4
cards.,1
reader,1
phone.,1
keyword,1
digit,1
pin),1
chosen,1
generates,1
push,2
smartphone.,1
iap:,1
fully,2
connecting,1
multitude,1
accumulate,1
“only-once,1
"principle”,",1
don’t,1
services:,2
inside,1
"iap,",1
repository,1
"care,",1
"websites,",1
"apps,",1
"siga,",1
ticket,1
dispenser,1
eportugal.gov’s,1
directing,1
digitalised.,1
helpline,2
"helpline,",1
ran,1
ama.,2
"contact,",2
"sigma,",1
user-,1
channel.,1
eportugal’s,1
refers,1
spread,1
(mostly,1
commodities,1
suppliers),1
counters,1
requiring,2
"(online,",1
"face,",1
"etc),",1
joining,1
(irrespective,1
services),1
requesting,1
certificates,1
retaining,1
spot”,1
(previously,1
desk”).,1
draws,1
pre-existing,1
eportugal.gov.pt:,1
cross-,2
"tasks,",1
digitalising,1
one-day,1
continuously,2
"formation,",1
qualification,1
whole.,1
user-experience,1
"cycles,",1
accordingly,1
built-in,1
visualisation,1
export,1
configured,1
tracking.,1
"views,",1
"visitors,",1
"authentications,",1
"pages,",2
performed,1
satisfaction.,1
leave,2
"useful,",1
suggestions.,1
rectify,1
"clear,",2
whenever,1
publish,1
"complaints,",1
compliments,1
(“livro,1
amarelo”,1
yellow,1
"book),",1
helplines.,1
labx,1
lab,1
embed,1
(re)designing,1
citizen’s,2
promoting,1
policymaking.,1
intends,1
space,2
"experimentation,",1
disseminator,1
promoter,1
pivot,1
ecosystem.,1
paramount,1
realisation,1
never,2
finished,1
portal’s,1
commitment.,1
simplex,1
highly,2
visible,1
piece,2
visibility,1
wavered,1
evolve,1
host,1
aggregation,1
cataloguing,1
trends,1
"turnout,",1
“gov.uk,1
verify”,1
405,1
500,2
writing,2
1%,1
meets,1
explanations,1
car,2
writes,1
check,1
factual,1
accuracy.,1
gets,1
70,1
traffic.,1
“mainstream”.,1
"builds,",1
"maintains,",1
improves.,1
specialist,1
"news,",1
"speeches,",1
announcements,1
consultations.,1
“whitehall”.,1
whitehall,2
own.,1
methodologies,1
with.,1
they’re,1
115,1
cross-government,2
3000+,1
"designers,",1
"events,",1
secondments,1
shadowing.,1
curve,1
adhere,1
strict,1
style,2
checked,1
designer,1
publishing.,1
duplication,1
clearer,1
collectively,2
"“users”,",1
drawn,1
everywhere.,1
(such,1
research),1
meetups,1
blogs.,1
buttons,1
button,1
valuable.,1
859,1
“apply,1
visitor,2
visa:,1
"step”,",1
77%,1
useful.,1
constantly,1
prototypes,1
tested,1
lab.,1
“step,1
step”,1
steps.,2
"moment,",1
scaling,1
"visas,",1
"childcare,",1
exporting,1
goods.,1
talks,1
third,2
uk’s,1
bureau,1
zealand,1
work.,1
replicated,1
curate,1
(both,1
mainstream),1
pertain,1
manageable,1
car;,1
visa;,1
ready,1
employ,1
conception,1
"piloting,",1
going,1
advancements,1
really,1
ends.,1
"experiment,",1
"mistakes,",1
"likewise,",1
supportive,1
innovative,1
"ways,",1
failures,1
successes,1
interpreted,1
inconsistently,1
grew.,1
"reliable,",1
benefitting,1
"dramatically,",1
acting,2
inspectors,1
beneficial.,1
intense,1
"engagement,",1
again,1
2015,4
(uk).,1
"advice,",2
regulators,3
came,1
1st,1
000.,1
"decade,",1
predominantly,1
"matters,",1
restricted,1
alcohol,1
"actions,",1
franchise-based,1
208,1
september,1
"executive,",1
gambling,1
commission,6
“supporting,1
"regulators”,",1
register),1
(eg,1
etc),1
"works,",1
regulator,1
seem,1
"specialised,",1
ministries,1
helpline.,1
shopfronts,1
above,1
competence,1
turnover,1
educate,1
decision-makers,4
avenue,1
ground”.,1
typically,1
reach.,1
substantiated,1
"base,",1
"event,",1
"robust,",1
notwithstanding,1
are.,1
driven,1
engagement.,1
"informally,",1
supermarkets.,1
size,1
limits,1
short,1
"notice,",1
well-placed,1
deluge,1
be.,1
"historically,",1
transparent,1
comment,1
"change,",1
implications.,1
calculating,1
profile,1
regulators.,2
"inspections,",1
bases,1
risk-based,1
two-thirds,1
improved.,1
breaches,1
three-,1
quarters,1
breach,1
compliance.,1
taxpayers.,1
contracted,1
communications,1
vitally,1
misunderstood,1
covers.,1
active,3
properly,1
understood.,1
(2006/123/ec),1
lisbon,2
aiming,1
europe,2
world’s,2
knowledge-based,1
2010.,1
2004,1
commissioner,1
frits,1
bolkestein.,1
revision,1
2009.,1
reinvigorated,1
market.,1
contributing,1
untapped,1
liberalising,1
2002,1
ninety,1
obstacles,3
(smes),2
"consumers,",1
prices.,1
eliminate,2
activity,1
competition.,1
following:,1
businesses:,1
remove,1
consumers:,1
strengthen,2
consumers,1
transparency,1
widen,1
(pscs),1
2009.the,1
pscs,11
states’,1
egovernment,1
agendas.,1
far,1
proved,1
challenge.,1
psc,4
charter,3
benchmarking,1
transactionality,2
"e-procedures,",1
struggling,1
persistence,1
score,1
54%,1
underperforming,1
(41%).,1
e-procedures,1
(61%),1
(57%).,1
deadline,1
pscs.,1
regular,1
"thereafter,",1
sufficiently,2
intervals,1
enhancements.,1
scoreboard,1
shows,1
(european,1
"commission,",3
2019[1]).,1
"problem,",1
e-id.,1
invites,1
against,1
constitutes,1
consolidation,1
state.,1
“your,1
europe”.,1
verified,1
"rights,",1
high-quality,1
enjoy,1
once-only,1
principle.,1
"2020,",1
moving,1
borders,1
residency,1
2023,1
"latest,",1
"paperwork,",1
claiming,1
benefits.,1
"gateway,",2
"launch,",1
eures.,1
(eures),1
cooperation,1
unions,1
employers-organisations,1
partners.,1
eures,2
free,1
movement,1
workers,1
(eea),1
switzerland.,1
advertise,1
vacancies,1
eures-website.,1
problem-solving,1
join,1
laid,1
"get,",1
consumer,4
(ecc-net),1
"eu,",1
iceland,1
resolving,1
disputes,1
trader,1
(een),1
innovate,1
ambitions.,1
60,1
worldwide,1
600,1
"poles,",1
universities,1
"institutes,",1
chambers,1
scoreboard:,1
https://ec.europa.eu/internal_market/scoreboard/performance_by_governance_tool/points_of,1
_single_contact/index_en.htm.,1
institutional,1
"series,",1
elaborates,1
consult,1
"ilibrary,",1
gathers,1
"books,",1
periodicals,1
databases.,1
visit,1
www.oecd-ilibrary.org,1
print,1
978‑92‑64‑35709‑9,1
9h,1
tcqe*dfhajj+,1
